{"cameraMode":{"drawMode":0,"name":"Shaded","section":"Shading Mode"},"sceneLighting":false,"audioPlay":false,"sceneViewState":{"showFog":false,"showMaterialUpdate":false,"showSkybox":false,"showFlares":true,"showImageEffects":true,"showParticleSystems":true,"showVisualEffectGraphs":true,"m_FxEnabled":true},"in2DMode":false,"pivot":{"x":0.050000011920928958,"y":0.14999999105930329,"z":498.1499938964844},"rotation":{"x":0.009876828640699387,"y":0.9500381350517273,"z":-0.31051355600357058,"w":0.030218208208680154},"size":0.8660253882408142,"orthographic":true}